,origin,destination,time,origin_station_name,destination_station_name
0,AFK,HGS,0.976140350877193,Ashford International,Hastings
1,AFK,HMT,0.004912280701754386,Ashford International,Ham Street
3,AGT,HOV,0.0014035087719298245,Aldrington,Hove
4,AGT,PLD,0.0014793741109530583,Aldrington,Portslade
5,AHD,EPS,0.003175438596491228,Ashtead,Epsom (Surrey)
6,AHD,LHD,0.0029824561403508773,Ashtead,Leatherhead
7,AHS,CWN,0.004210526315789474,Ashurst (Kent),Cowden (Kent)
8,AHS,ERI,0.007688787185354691,Ashurst (Kent),Eridge
9,AMY,ARU,0.0031309041835357624,Amberley,Arundel
10,AMY,PUL,0.004243943191311612,Amberley,Pulborough
11,ANG,BAA,0.007789473684210527,Angmering,Barnham
12,ANG,FOD,0.005588972431077695,Angmering,Ford
13,ANG,GBS,0.003152325257588415,Angmering,Goring-by-Sea
14,ANG,LIT,0.008117591275486013,Angmering,Littlehampton
15,ANG,WRH,0.004912280701754386,Angmering,Worthing
16,ANG,WWO,0.004210526315789474,Angmering,West Worthing
17,ANZ,NWD,0.0025371120107962213,Anerley,Norwood Junction
18,ANZ,PNW,0.0010526315789473684,Anerley,Penge West
19,APD,HMT,0.0035087719298245615,Appledore (Kent),Ham Street
20,APD,RYE,0.006403508771929824,Appledore (Kent),Rye (Sussex)
21,APD,TOK,0.014152046783625732,Appledore (Kent),Three Oaks
22,APD,WSE,0.009614035087719299,Appledore (Kent),Winchelsea
23,ARU,AMY,0.003408521303258145,Arundel,Amberley
24,ARU,BAA,0.007017543859649123,Arundel,Barnham
25,ARU,FOD,0.004542936288088642,Arundel,Ford
26,ARU,HRH,0.015438596491228071,Arundel,Horsham
27,ARU,PUL,0.006416040100250627,Arundel,Pulborough
28,BAA,ANG,0.007619047619047619,Barnham,Angmering
29,BAA,ARU,0.0061403508771929825,Barnham,Arundel
30,BAA,BOG,0.006872353297035693,Barnham,Bognor Regis
31,BAA,CCH,0.006377482166955851,Barnham,Chichester
32,BAA,FOD,0.004313942751615882,Barnham,Ford
33,BAA,HAV,0.010526315789473684,Barnham,Havant
34,BAA,HRH,0.02119298245614035,Barnham,Horsham
35,BAA,LIT,0.024210526315789474,Barnham,Littlehampton
36,BAA,PMH,0.018947368421052633,Barnham,Portsmouth Harbour
37,BAA,SOU,0.9326315789473684,Barnham,Southampton Central
38,BAB,GTW,0.005087719298245614,Balcombe,Gatwick Airport
39,BAB,HHE,0.002456140350877193,Balcombe,Haywards Heath
40,BAB,TBD,0.004210526315789474,Balcombe,Three Bridges
41,BAD,BLM,0.002105263157894737,Banstead,Belmont
42,BAD,EPD,0.002807017543859649,Banstead,Epsom Downs
43,BAK,CLJ,0.0025895725228564366,Battersea Park,Clapham Junction
44,BAK,VIC,0.003747563352826511,Battersea Park,London Victoria
45,BAL,CLJ,0.004,Balham,Clapham Junction
46,BAL,MTC,0.004912280701754386,Balham,Mitcham Eastfields
47,BAL,SRC,0.003848330503678551,Balham,Streatham Common
48,BAL,SRH,0.003245614035087719,Balham,Streatham Hill
49,BAL,WSW,0.002071385359951603,Balham,Wandsworth Common
50,BCY,HPA,0.002254970760233918,Brockley,Honor Oak Park
51,BCY,NXG,0.0018651892890120035,Brockley,New Cross Gate
52,BCY,PMR,0.0,Brockley,Peckham Rye
53,BDH,HAV,0.001662049861495845,Bedhampton,Havant
54,BDH,HLS,0.00412280701754386,Bedhampton,Hilsea
55,BEX,CLL,0.0025979843225083987,Bexhill,Collington
56,BEX,EBN,0.02456140350877193,Bexhill,Eastbourne
57,BEX,PEV,0.007543859649122807,Bexhill,Pevensey & Westham
58,BEX,PLG,0.02055137844611529,Bexhill,Polegate
59,BEX,SLQ,0.007565489065128575,Bexhill,St Leonards Warrior Square
60,BIG,CHH,0.0043020594965675054,Billingshurst,Christs Hospital
61,BIG,CRW,0.018947368421052633,Billingshurst,Crawley
62,BIG,PUL,0.004912280701754386,Billingshurst,Pulborough
63,BIK,BKJ,0.002807017543859649,Birkbeck,Beckenham Junction
64,BIK,CYP,0.0035087719298245615,Birkbeck,Crystal Palace
65,BIP,NVH,0.0021228070175438596,Bishopstone (Sussex),Newhaven Harbour
66,BIP,SEF,0.002807017543859649,Bishopstone (Sussex),Seaford (Sussex)
67,BKA,EFF,0.002807017543859649,Bookham,Effingham Junction
68,BKA,LHD,0.0037426900584795323,Bookham,Leatherhead
69,BKJ,BIK,0.0014035087719298245,Beckenham Junction,Birkbeck
70,BKM,HML,0.0034649122807017545,Berkhamsted,Hemel Hempstead
71,BKM,TRI,0.0043859649122807015,Berkhamsted,Tring
72,BLM,BAD,0.002105263157894737,Belmont,Banstead
73,BLM,SUO,0.002105263157894737,Belmont,Sutton (Surrey)
74,BLY,LBZ,0.004912280701754386,Bletchley,Leighton Buzzard
75,BLY,MKC,0.004956140350877193,Bletchley,Milton Keynes Central
76,BOG,BAA,0.004902667627974045,Bognor Regis,Barnham
77,BOG,LIT,0.08491228070175438,Bognor Regis,Littlehampton
78,BOG,PMH,0.9087719298245615,Bognor Regis,Portsmouth Harbour
79,BOG,VIC,0.8891228070175439,Bognor Regis,London Victoria
81,BOH,CCH,0.0035087719298245615,Bosham,Chichester
82,BOH,FSB,0.002105263157894737,Bosham,Fishbourne (Sussex)
83,BOH,NUT,0.002696214219759926,Bosham,Nutbourne
84,BOH,SOB,0.0030409356725146198,Bosham,Southbourne
85,BRK,GLY,0.0037593984962406013,Berwick (Sussex),Glynde
86,BRK,LWS,0.00631578947368421,Berwick (Sussex),Lewes
87,BRK,PLG,0.0034827810266406757,Berwick (Sussex),Polegate
88,BTE,SDN,0.0014035087719298245,Bitterne,St Denys
89,BTN,BUG,0.00631578947368421,Brighton (East Sussex),Burgess Hill
90,BTN,FMR,0.004210526315789474,Brighton (East Sussex),Falmer
91,BTN,HOV,0.011763955342902711,Brighton (East Sussex),Hove
92,BTN,HSK,0.005614035087719298,Brighton (East Sussex),Hassocks
93,BTN,LRB,0.0014035087719298245,Brighton (East Sussex),London Road (Brighton)
94,BTN,LWS,0.4849122807017544,Brighton (East Sussex),Lewes
95,BTN,MCB,0.002807017543859649,Brighton (East Sussex),Moulsecoomb
96,BTN,NVH,0.03368421052631579,Brighton (East Sussex),Newhaven Harbour
97,BTN,PMH,0.8280701754385965,Brighton (East Sussex),Portsmouth Harbour
98,BTN,PRP,0.002105263157894737,Brighton (East Sussex),Preston Park
99,BTN,SEF,0.38498245614035087,Brighton (East Sussex),Seaford (Sussex)
100,BTN,VIC,0.9105263157894737,Brighton (East Sussex),London Victoria
102,BUG,HHE,0.004166666666666667,Burgess Hill,Haywards Heath
103,BUG,HSK,0.0023809523809523807,Burgess Hill,Hassocks
104,BUG,PRP,0.00631578947368421,Burgess Hill,Preston Park
105,BUG,WVF,0.002105263157894737,Burgess Hill,Wivelsfield
106,BUO,HME,0.002105263157894737,Bursledon,Hamble
107,BXD,COH,0.004210526315789474,Buxted,Crowborough
108,BXD,UCK,0.005760233918128655,Buxted,Uckfield
109,BXW,DKG,0.002070175438596491,Box Hill & Westhumble,Dorking (Main)
110,BXW,LHD,0.0035087719298245615,Box Hill & Westhumble,Leatherhead
111,CAT,LBG,0.911578947368421,Caterham,London Bridge
112,CAT,PUR,0.009122807017543859,Caterham,Purley
113,CAT,WHS,0.002105263157894737,Caterham,Whyteleafe South
115,CBR,LWS,0.0035756056808688387,Cooksbridge,Lewes
116,CBR,PMP,0.003976608187134503,Cooksbridge,Plumpton
117,CBR,WVF,0.007894736842105263,Cooksbridge,Wivelsfield
118,CCH,BAA,0.006183235867446394,Chichester,Barnham
119,CCH,EMS,0.0056608187134502925,Chichester,Emsworth
120,CCH,FSB,0.0022647527910685805,Chichester,Fishbourne (Sussex)
121,CCH,HAV,0.007925696594427245,Chichester,Havant
122,CCH,SOB,0.005036119711042312,Chichester,Southbourne
123,CCH,VIC,0.9045614035087719,Chichester,London Victoria
124,CDN,RHM,0.0014035087719298245,Coulsdon Town,Reedham (Surrey)
125,CDN,WME,0.002105263157894737,Coulsdon Town,Woodmansterne
126,CDS,MHM,0.005146198830409357,Coulsdon South,Merstham
127,CDS,PUR,0.003352826510721248,Coulsdon South,Purley
128,CHE,EPS,0.004664602683178535,Cheam,Epsom (Surrey)
129,CHE,EWE,0.0021253132832080197,Cheam,Ewell East
130,CHE,SUO,0.0016666666666666668,Cheam,Sutton (Surrey)
131,CHH,BIG,0.0043343653250774,Christs Hospital,Billingshurst
132,CHH,CRW,0.015603715170278637,Christs Hospital,Crawley
133,CHH,HRH,0.0032748538011695906,Christs Hospital,Horsham
134,CHH,LVN,0.010994152046783626,Christs Hospital,Littlehaven
135,CHP,KND,0.0035087719298245615,Chipstead,Kingswood
136,CLA,HSY,0.0035087719298245615,Clandon,Horsley
137,CLA,LRD,0.0035087719298245615,Clandon,London Road (Guildford)
138,CLJ,BAK,0.0028166969147005445,Clapham Junction,Battersea Park
139,CLJ,BAL,0.004029038112522686,Clapham Junction,Balham
140,CLJ,CSH,0.011929824561403509,Clapham Junction,Carshalton
141,CLJ,ECR,0.008087062576226663,Clapham Junction,East Croydon
142,CLJ,GTW,0.02526315789473684,Clapham Junction,Gatwick Airport
143,CLJ,IMW,0.005290148448043185,Clapham Junction,Imperial Wharf
144,CLJ,MTC,0.00824561403508772,Clapham Junction,Mitcham Eastfields
145,CLJ,SRS,0.017543859649122806,Clapham Junction,Selhurst
146,CLJ,VIC,0.006276957215172318,Clapham Junction,London Victoria
147,CLJ,WSW,0.0027729044834307994,Clapham Junction,Wandsworth Common
150,CLL,BEX,0.0016842105263157896,Collington,Bexhill
151,CLL,COB,0.002245614035087719,Collington,Cooden Beach
152,CLL,PLG,0.018245614035087718,Collington,Polegate
153,COB,BEX,0.00631578947368421,Cooden Beach,Bexhill
154,COB,CLL,0.004272904483430799,Cooden Beach,Collington
155,COB,NSB,0.005096952908587258,Cooden Beach,Normans Bay
156,COB,PEV,0.005198180636777129,Cooden Beach,Pevensey & Westham
157,COH,BXD,0.00956140350877193,Crowborough,Buxted
158,COH,ERI,0.004210526315789474,Crowborough,Eridge
159,CRW,BAA,0.028717948717948718,Crawley,Barnham
160,CRW,HRH,0.053567251461988305,Crawley,Horsham
161,CRW,IFI,0.002105263157894737,Crawley,Ifield
162,CRW,LVN,0.005614035087719298,Crawley,Littlehaven
163,CRW,TBD,0.0035087719298245615,Crawley,Three Bridges
164,CSA,FRM,0.005877192982456141,Cosham,Fareham
165,CSA,HAV,0.004970760233918129,Cosham,Havant
166,CSA,PTC,0.0033979686057248387,Cosham,Portchester
167,CSB,SUO,0.0029005847953216374,Carshalton Beeches,Sutton (Surrey)
168,CSB,WLT,0.0016484607745779543,Carshalton Beeches,Wallington
169,CSH,CLJ,0.012744765138653085,Carshalton,Clapham Junction
170,CSH,HCB,0.002105263157894737,Carshalton,Hackbridge
171,CSH,HRH,0.8042105263157895,Carshalton,Horsham
172,CSH,SUO,0.002844950213371266,Carshalton,Sutton (Surrey)
173,CWN,AHS,0.0036003051106025933,Cowden (Kent),Ashurst (Kent)
174,CWN,EBT,0.0035087719298245615,Cowden (Kent),Edenbridge Town
175,CWN,HEV,0.002807017543859649,Cowden (Kent),Hever
176,CYP,BIK,0.0035087719298245615,Crystal Palace,Birkbeck
177,CYP,GIP,0.004545308224690165,Crystal Palace,Gipsy Hill
178,CYP,LBG,0.9894736842105263,Crystal Palace,London Bridge
179,CYP,NWD,0.005573934837092732,Crystal Palace,Norwood Junction
180,CYP,SYD,0.0037368421052631578,Crystal Palace,Sydenham (London)
182,DKG,BXW,0.003062200956937799,Dorking (Main),Box Hill & Westhumble
183,DKG,EPS,0.009122807017543859,Dorking (Main),Epsom (Surrey)
184,DKG,HLM,0.00520775623268698,Dorking (Main),Holmwood
185,DKG,HRH,0.28982456140350876,Dorking (Main),Horsham
186,DKG,LHD,0.004210526315789474,Dorking (Main),Leatherhead
187,DLH,TOK,0.002456140350877193,Doleham,Three Oaks
188,DLH,WSE,0.004210526315789474,Doleham,Winchelsea
189,DMS,EGR,0.013645224171539962,Dormans,East Grinstead
190,DMS,LFD,0.008421052631578947,Dormans,Lingfield
191,DUR,GBS,0.0015870445344129554,Durrington-on-Sea,Goring-by-Sea
192,DUR,WWO,0.0017376775271512111,Durrington-on-Sea,West Worthing
193,EBN,BEX,0.01497076023391813,Eastbourne,Bexhill
194,EBN,BTN,0.9480701754385965,Eastbourne,Brighton (East Sussex)
195,EBN,COB,0.009122807017543859,Eastbourne,Cooden Beach
196,EBN,HGS,0.39614035087719296,Eastbourne,Hastings
197,EBN,HMD,0.0025331621737270005,Eastbourne,Hampden Park (Sussex)
198,EBN,PEV,0.01929824561403509,Eastbourne,Pevensey & Westham
199,EBN,PLG,0.008421052631578947,Eastbourne,Polegate
202,EBR,GDN,0.022120518688024407,Edenbridge,Godstone
203,EBR,PHR,0.0058692185007974485,Edenbridge,Penshurst
204,EBR,RDH,0.9101754385964912,Edenbridge,Redhill
205,EBR,TON,1.0,Edenbridge,Tonbridge
206,EBT,ERI,0.009122807017543859,Edenbridge Town,Eridge
207,EBT,HEV,0.004454614797864226,Edenbridge Town,Hever
208,EBT,HUR,0.00494279176201373,Edenbridge Town,Hurst Green
209,EBT,OXT,0.005614035087719298,Edenbridge Town,Oxted
210,ECR,CDS,0.005789473684210527,East Croydon,Coulsdon South
211,ECR,CLJ,0.008460038986354777,East Croydon,Clapham Junction
212,ECR,GTW,0.011772287862513426,East Croydon,Gatwick Airport
213,ECR,HOR,0.010666666666666666,East Croydon,Horley
214,ECR,LBG,0.028825910931174092,East Croydon,London Bridge
215,ECR,NWD,0.0037426900584795323,East Croydon,Norwood Junction
216,ECR,OXT,0.009763539282990084,East Croydon,Oxted
217,ECR,PUR,0.0047619047619047615,East Croydon,Purley
218,ECR,SCY,0.0023084025854108957,East Croydon,South Croydon
219,ECR,SNR,0.0036150983519404574,East Croydon,Sanderstead
220,ECR,SRS,0.002647527910685805,East Croydon,Selhurst
221,ECR,TBD,0.012982456140350877,East Croydon,Three Bridges
225,EDW,FOH,0.0007017543859649122,East Dulwich,Forest Hill
226,EDW,NDL,0.001836690491661252,East Dulwich,North Dulwich
227,EDW,PMR,0.002105263157894737,East Dulwich,Peckham Rye
228,EFF,BKA,0.0032748538011695906,Effingham Junction,Bookham
229,EFF,GLD,0.009122807017543859,Effingham Junction,Guildford
230,EFF,HSY,0.002105263157894737,Effingham Junction,Horsley
231,EGR,DMS,0.00631578947368421,East Grinstead,Dormans
232,EGR,OXT,0.1818782249742002,East Grinstead,Oxted
233,EGR,TBD,0.04864864864864865,East Grinstead,Three Bridges
234,ELD,MHM,0.012543859649122807,Earlswood (Surrey),Merstham
235,ELD,SAF,0.002456140350877193,Earlswood (Surrey),Salfords (Surrey)
236,EMS,CCH,0.005614035087719298,Emsworth,Chichester
237,EMS,HAV,0.0027935222672064775,Emsworth,Havant
238,EMS,SOB,0.00211825860948668,Emsworth,Southbourne
239,EMS,WBL,0.002105263157894737,Emsworth,Warblington
240,EPD,BAD,0.002105263157894737,Epsom Downs,Banstead
241,EPD,SUO,0.04,Epsom Downs,Sutton (Surrey)
242,EPS,AHD,0.004157894736842105,Epsom (Surrey),Ashtead
243,EPS,CHE,0.004210526315789474,Epsom (Surrey),Cheam
244,EPS,DKG,0.011228070175438596,Epsom (Surrey),Dorking (Main)
245,EPS,EWE,0.00293734335839599,Epsom (Surrey),Ewell East
246,EPS,LHD,0.004210526315789474,Epsom (Surrey),Leatherhead
248,ERI,AHS,0.0035087719298245615,Eridge,Ashurst (Kent)
249,ERI,COH,0.013180778032036612,Eridge,Crowborough
250,ERI,CWN,0.005614035087719298,Eridge,Cowden (Kent)
251,EWE,CHE,0.0021253132832080197,Ewell East,Cheam
252,EWE,EPS,0.003318295739348371,Ewell East,Epsom (Surrey)
253,EWR,LAC,0.002105263157894737,East Worthing,Lancing
254,EWR,WRH,0.002566943674976916,East Worthing,Worthing
255,FGT,LVN,0.002807017543859649,Faygate,Littlehaven
256,FMR,BTN,0.0057644110275689225,Falmer,Brighton (East Sussex)
257,FMR,LWS,0.005392761182234866,Falmer,Lewes
258,FMR,MCB,0.00379939748360801,Falmer,Moulsecoomb
259,FOD,ANG,0.0060526315789473685,Ford,Angmering
260,FOD,ARU,0.0038596491228070177,Ford,Arundel
261,FOD,BAA,0.0032941176470588237,Ford,Barnham
262,FOD,CCH,0.011929824561403509,Ford,Chichester
263,FOD,LIT,0.0045524066576698155,Ford,Littlehampton
264,FOH,HPA,0.0014958448753462604,Forest Hill,Honor Oak Park
265,FOH,NDL,0.0007017543859649122,Forest Hill,North Dulwich
266,FOH,SYD,0.0025730994152046785,Forest Hill,Sydenham (London)
267,FRM,CSA,0.006666666666666667,Fareham,Cosham
268,FRM,PTC,0.004210526315789474,Fareham,Portchester
269,FRM,SNW,0.004992481203007519,Fareham,Swanwick
270,FSB,BOH,0.002105263157894737,Fishbourne (Sussex),Bosham
271,FSB,CCH,0.0021403508771929824,Fishbourne (Sussex),Chichester
272,FSG,PLD,0.0023031938821412505,Fishersgate,Portslade
273,FSG,SWK,0.0014035087719298245,Fishersgate,Southwick
274,FTN,BDH,0.005614035087719298,Fratton,Bedhampton
275,FTN,HAV,0.006432748538011696,Fratton,Havant
276,FTN,HLS,0.0032871652816251155,Fratton,Hilsea
277,FTN,PMS,0.0029014844804318486,Fratton,Portsmouth & Southsea
278,GBS,ANG,0.0028178137651821865,Goring-by-Sea,Angmering
279,GBS,DUR,0.0018421052631578947,Goring-by-Sea,Durrington-on-Sea
280,GDN,EBR,0.02073365231259968,Godstone,Edenbridge
281,GIP,CYP,0.003157894736842105,Gipsy Hill,Crystal Palace
282,GIP,WNW,0.002105263157894737,Gipsy Hill,West Norwood
283,GLD,LRD,0.002105263157894737,Guildford,London Road (Guildford)
285,GLY,BRK,0.0040100250626566416,Glynde,Berwick (Sussex)
286,GLY,LWS,0.0037686809616634177,Glynde,Lewes
287,GLY,PLG,0.00631578947368421,Glynde,Polegate
288,GTW,ECR,0.010905263157894737,Gatwick Airport,East Croydon
289,GTW,HHE,0.010058479532163742,Gatwick Airport,Haywards Heath
290,GTW,HOR,0.0017813765182186237,Gatwick Airport,Horley
291,GTW,PMP,0.019649122807017545,Gatwick Airport,Plumpton
292,GTW,PRP,0.021228070175438596,Gatwick Airport,Preston Park
293,GTW,RDH,0.007017543859649123,Gatwick Airport,Redhill
294,GTW,TBD,0.005042839657282742,Gatwick Airport,Three Bridges
295,GTW,WVF,0.014736842105263158,Gatwick Airport,Wivelsfield
297,HAV,BDH,0.0021929824561403508,Havant,Bedhampton
298,HAV,CCH,0.007333333333333333,Havant,Chichester
299,HAV,CSA,0.005072681704260651,Havant,Cosham
300,HAV,EMS,0.002953216374269006,Havant,Emsworth
301,HAV,FTN,0.006491228070175438,Havant,Fratton
302,HAV,WBL,0.0018713450292397662,Havant,Warblington
303,HCB,CSH,0.0022612085769980507,Hackbridge,Carshalton
304,HCB,MIJ,0.002203182374541004,Hackbridge,Mitcham Junction
305,HEV,CWN,0.0062547673531655225,Hever,Cowden (Kent)
306,HEV,EBT,0.002807017543859649,Hever,Edenbridge Town
307,HGS,AFK,0.9803508771929824,Hastings,Ashford International
308,HGS,EBN,0.43649122807017543,Hastings,Eastbourne
309,HGS,ORE,0.0028997020854021846,Hastings,Ore
310,HGS,SLQ,0.002345864661654135,Hastings,St Leonards Warrior Square
312,HHE,BAB,0.003789473684210526,Haywards Heath,Balcombe
313,HHE,BUG,0.006456140350877193,Haywards Heath,Burgess Hill
314,HHE,GTW,0.00839685420447671,Haywards Heath,Gatwick Airport
315,HHE,HOV,0.009176788124156546,Haywards Heath,Hove
316,HHE,LWS,0.08,Haywards Heath,Lewes
317,HHE,PMP,0.0077192982456140355,Haywards Heath,Plumpton
318,HHE,TBD,0.007192982456140351,Haywards Heath,Three Bridges
319,HHE,WVF,0.004519298245614035,Haywards Heath,Wivelsfield
320,HLM,DKG,0.004736842105263158,Holmwood,Dorking (Main)
321,HLM,OLY,0.002917820867959372,Holmwood,Ockley
322,HLS,BDH,0.0037816764132553604,Hilsea,Bedhampton
323,HLS,FTN,0.002807017543859649,Hilsea,Fratton
324,HLS,HAV,0.0035087719298245615,Hilsea,Havant
325,HMD,BEX,0.015538847117794486,Hampden Park (Sussex),Bexhill
326,HMD,COB,0.007017543859649123,Hampden Park (Sussex),Cooden Beach
327,HMD,EBN,0.007308515190415062,Hampden Park (Sussex),Eastbourne
328,HMD,PEV,0.004575438596491228,Hampden Park (Sussex),Pevensey & Westham
329,HMD,PLG,0.0061826981246219,Hampden Park (Sussex),Polegate
330,HMD,VIC,0.9136842105263158,Hampden Park (Sussex),London Victoria
331,HME,NTL,0.0014035087719298245,Hamble,Netley
332,HML,BKM,0.0033333333333333335,Hemel Hempstead,Berkhamsted
333,HML,WFJ,0.005526315789473684,Hemel Hempstead,Watford Junction
334,HMT,AFK,0.006456140350877193,Ham Street,Ashford International
335,HMT,APD,0.003538011695906433,Ham Street,Appledore (Kent)
336,HOR,ECR,0.010526315789473684,Horley,East Croydon
337,HOR,ELD,0.004210526315789474,Horley,Earlswood (Surrey)
338,HOR,GTW,0.020861244019138754,Horley,Gatwick Airport
339,HOR,RDH,0.005614035087719298,Horley,Redhill
340,HOR,SAF,0.003391812865497076,Horley,Salfords (Surrey)
341,HOV,AGT,0.0030346135609293505,Hove,Aldrington
342,HOV,BTN,0.004344193817878028,Hove,Brighton (East Sussex)
343,HOV,GTW,0.02526315789473684,Hove,Gatwick Airport
344,HOV,PLD,0.00319349097381134,Hove,Portslade
345,HOV,PRP,0.004035087719298246,Hove,Preston Park
346,HPA,BCY,0.002012927054478301,Honor Oak Park,Brockley
347,HPA,EDW,0.0014035087719298245,Honor Oak Park,East Dulwich
348,HPA,FOH,0.0021894736842105263,Honor Oak Park,Forest Hill
349,HRH,BAL,0.0687719298245614,Horsham,Balham
350,HRH,BIG,0.004912280701754386,Horsham,Billingshurst
351,HRH,CHH,0.0027244582043343653,Horsham,Christs Hospital
352,HRH,CRW,0.00631578947368421,Horsham,Crawley
353,HRH,LVN,0.0026666666666666666,Horsham,Littlehaven
354,HRH,VIC,0.7854970760233918,Horsham,London Victoria
355,HRH,WNH,0.0021403508771929824,Horsham,Warnham
356,HRW,SPB,0.014736842105263158,Harrow & Wealdstone,Shepherd's Bush
357,HRW,WFJ,0.004745196324143692,Harrow & Wealdstone,Watford Junction
358,HRW,WMB,0.0032871652816251155,Harrow & Wealdstone,Wembley Central
359,HSK,BTN,0.009959514170040486,Hassocks,Brighton (East Sussex)
360,HSK,BUG,0.0021294615849969754,Hassocks,Burgess Hill
361,HSK,PRP,0.004912280701754386,Hassocks,Preston Park
362,HSY,CLA,0.0035087719298245615,Horsley,Clandon
363,HSY,EFF,0.0017543859649122807,Horsley,Effingham Junction
364,HUR,EBT,0.004210526315789474,Hurst Green,Edenbridge Town
365,HUR,LFD,0.012514619883040935,Hurst Green,Lingfield
366,HUR,OXT,0.0026032823995472553,Hurst Green,Oxted
368,HYR,TOO,0.002105263157894737,Haydons Road,Tooting
369,HYR,WIM,0.002105263157894737,Haydons Road,Wimbledon
370,IFI,CRW,0.0025263157894736842,Ifield,Crawley
371,IFI,FGT,0.002807017543859649,Ifield,Faygate
372,IFI,LVN,0.004678362573099415,Ifield,Littlehaven
373,IMW,CLJ,0.0032928475033738194,Imperial Wharf,Clapham Junction
374,IMW,WBP,0.0018353576248313092,Imperial Wharf,West Brompton
375,KLY,PUO,0.009122807017543859,Kenley,Purley Oaks
376,KLY,PUR,0.002807017543859649,Kenley,Purley
377,KLY,WHY,0.0035689223057644107,Kenley,Whyteleafe
378,KND,TAD,0.002807017543859649,Kingswood,Tadworth
379,KPA,SPB,0.002105263157894737,Kensington Olympia,Shepherd's Bush
380,KPA,WBP,0.0034008097165991904,Kensington Olympia,West Brompton
381,LAC,EWR,0.002105263157894737,Lancing,East Worthing
382,LAC,SSE,0.0035627530364372474,Lancing,Shoreham-by-Sea
383,LAC,WRH,0.003406904357668364,Lancing,Worthing
384,LBG,CDN,0.9129824561403509,London Bridge,Coulsdon Town
385,LBG,CYP,0.019883040935672516,London Bridge,Crystal Palace
386,LBG,ECR,0.010031636468219729,London Bridge,East Croydon
387,LBG,NWD,0.010092879256965944,London Bridge,Norwood Junction
388,LBG,NXG,0.003982930298719772,London Bridge,New Cross Gate
389,LBG,SBM,0.0028155755241762947,London Bridge,South Bermondsey
390,LBG,SRS,0.016842105263157894,London Bridge,Selhurst
391,LBG,VIC,0.8670175438596491,London Bridge,London Victoria
395,LBZ,BLY,0.005131578947368421,Leighton Buzzard,Bletchley
396,LBZ,TRI,0.00706140350877193,Leighton Buzzard,Tring
397,LFD,DMS,0.00961593172119488,Lingfield,Dormans
398,LFD,HUR,0.005087719298245614,Lingfield,Hurst Green
399,LHD,AHD,0.002824561403508772,Leatherhead,Ashtead
400,LHD,BKA,0.0035087719298245615,Leatherhead,Bookham
401,LHD,BXW,0.0035789473684210526,Leatherhead,Box Hill & Westhumble
402,LHD,DKG,0.005692007797270956,Leatherhead,Dorking (Main)
403,LIH,PHR,0.002105263157894737,Leigh (Kent),Penshurst
404,LIH,TON,0.0058692185007974485,Leigh (Kent),Tonbridge
405,LIT,ANG,0.006115288220551378,Littlehampton,Angmering
406,LIT,BAA,0.00631578947368421,Littlehampton,Barnham
407,LIT,FOD,0.0036347278452541613,Littlehampton,Ford
408,LIT,GBS,0.0007017543859649122,Littlehampton,Goring-by-Sea
409,LIT,HAV,0.9164912280701755,Littlehampton,Havant
410,LIT,PMH,0.9333333333333333,Littlehampton,Portsmouth Harbour
411,LIT,PMS,0.8771929824561403,Littlehampton,Portsmouth & Southsea
412,LIT,SOU,0.047017543859649125,Littlehampton,Southampton Central
414,LRB,BTN,0.00631578947368421,London Road (Brighton),Brighton (East Sussex)
415,LRB,MCB,0.002105263157894737,London Road (Brighton),Moulsecoomb
416,LRD,CLA,0.0035087719298245615,London Road (Guildford),Clandon
417,LRD,EFF,0.00631578947368421,London Road (Guildford),Effingham Junction
418,LRD,GLD,0.003157894736842105,London Road (Guildford),Guildford
419,LVN,BAA,0.02526315789473684,Littlehaven,Barnham
420,LVN,CRW,0.005614035087719298,Littlehaven,Crawley
421,LVN,HRH,0.002807017543859649,Littlehaven,Horsham
422,LVN,IFI,0.004210526315789474,Littlehaven,Ifield
423,LWS,BRK,0.006980609418282548,Lewes,Berwick (Sussex)
424,LWS,CBR,0.004210526315789474,Lewes,Cooksbridge
425,LWS,EBN,0.0856140350877193,Lewes,Eastbourne
426,LWS,FMR,0.006094182825484765,Lewes,Falmer
427,LWS,GLY,0.004210526315789474,Lewes,Glynde
428,LWS,NVN,0.007128347183748846,Lewes,Newhaven Town
429,LWS,PLG,0.009074410163339383,Lewes,Polegate
430,LWS,PMP,0.006159844054580897,Lewes,Plumpton
431,LWS,SEE,0.006003898635477583,Lewes,Southease
432,LWS,WVF,0.009824561403508772,Lewes,Wivelsfield
433,MCB,BTN,0.0037543859649122806,Moulsecoomb,Brighton (East Sussex)
434,MCB,FMR,0.002807017543859649,Moulsecoomb,Falmer
435,MCB,LRB,0.002342105263157895,Moulsecoomb,London Road (Brighton)
436,MDS,SIH,0.0014035087719298245,Morden South,St Helier (Surrey)
437,MDS,SMO,0.0014035087719298245,Morden South,South Merton
438,MHM,CDS,0.0035087719298245615,Merstham,Coulsdon South
439,MHM,RDH,0.004597701149425287,Merstham,Redhill
440,MHM,REI,0.010385964912280702,Merstham,Reigate
441,MIJ,HCB,0.0021208576998050684,Mitcham Junction,Hackbridge
442,MIJ,MTC,0.002105263157894737,Mitcham Junction,Mitcham Eastfields
443,MKC,BLY,0.0029385964912280703,Milton Keynes Central,Bletchley
444,MTC,BAL,0.0062556390977443616,Mitcham Eastfields,Balham
445,MTC,CLJ,0.007017543859649123,Mitcham Eastfields,Clapham Junction
446,MTC,MIJ,0.003571150097465887,Mitcham Eastfields,Mitcham Junction
447,MTC,STE,0.003087719298245614,Mitcham Eastfields,Streatham (Greater London)
448,NDL,EDW,0.001480530594779632,North Dulwich,East Dulwich
449,NDL,SYD,0.0014035087719298245,North Dulwich,Sydenham (London)
450,NDL,TUH,0.003222871994801819,North Dulwich,Tulse Hill
451,NRB,SRC,0.0017464714417623004,Norbury,Streatham Common
452,NRB,TTH,0.002382700938392493,Norbury,Thornton Heath
453,NSB,BEX,0.004210526315789474,Normans Bay,Bexhill
454,NSB,COB,0.003469785575048733,Normans Bay,Cooden Beach
455,NSB,PEB,0.002807017543859649,Normans Bay,Pevensey Bay
456,NSB,PEV,0.007064327485380117,Normans Bay,Pevensey & Westham
457,NTL,SHO,0.002105263157894737,Netley,Sholing
458,NTL,WLS,0.0033333333333333335,Netley,Woolston
459,NUF,RDH,0.007017543859649123,Nutfield,Redhill
460,NUT,BOH,0.002105263157894737,Nutbourne,Bosham
461,NUT,SOB,0.0015143120960295477,Nutbourne,Southbourne
462,NVH,BIP,0.002105263157894737,Newhaven Harbour,Bishopstone (Sussex)
463,NVH,NVN,0.0022807017543859647,Newhaven Harbour,Newhaven Town
465,NVN,CBR,0.016842105263157894,Newhaven Town,Cooksbridge
466,NVN,LWS,0.0063859649122807016,Newhaven Town,Lewes
467,NVN,NVH,0.0014035087719298245,Newhaven Town,Newhaven Harbour
468,NVN,SEE,0.002807017543859649,Newhaven Town,Southease
469,NWD,ANZ,0.002456140350877193,Norwood Junction,Anerley
470,NWD,CYP,0.00352773826458037,Norwood Junction,Crystal Palace
471,NWD,ECR,0.014397283531409169,Norwood Junction,East Croydon
472,NWD,LBG,0.009122807017543859,Norwood Junction,London Bridge
473,NWD,WCY,0.006297795771479982,Norwood Junction,West Croydon
474,NXG,BCY,0.002750877192982456,New Cross Gate,Brockley
475,NXG,LBG,0.009159741458910435,New Cross Gate,London Bridge
476,NXG,QRP,0.0007017543859649122,New Cross Gate,Queens Road (Peckham)
477,OLY,HLM,0.002807017543859649,Ockley,Holmwood
478,OLY,WNH,0.004321329639889197,Ockley,Warnham
479,ORE,HGS,0.0025990903183885643,Ore,Hastings
480,ORE,RYE,0.010526315789473684,Ore,Rye (Sussex)
481,ORE,TOK,0.004210526315789474,Ore,Three Oaks
482,ORE,WSE,0.00832080200501253,Ore,Winchelsea
483,OXT,ECR,0.012134502923976609,Oxted,East Croydon
484,OXT,EGR,0.028070175438596492,Oxted,East Grinstead
485,OXT,HUR,0.0029905533063427797,Oxted,Hurst Green
486,OXT,UCK,0.02175438596491228,Oxted,Uckfield
487,OXT,VIC,0.6049122807017544,Oxted,London Victoria
488,OXT,WOH,0.00419103313840156,Oxted,Woldingham
489,PEB,COB,0.0035087719298245615,Pevensey Bay,Cooden Beach
490,PEB,NSB,0.002807017543859649,Pevensey Bay,Normans Bay
491,PEB,PEV,0.0014035087719298245,Pevensey Bay,Pevensey & Westham
492,PEV,BEX,0.006393762183235867,Pevensey & Westham,Bexhill
493,PEV,COB,0.016052631578947367,Pevensey & Westham,Cooden Beach
494,PEV,EBN,0.010526315789473684,Pevensey & Westham,Eastbourne
495,PEV,HMD,0.004993252361673414,Pevensey & Westham,Hampden Park (Sussex)
496,PEV,NSB,0.004584795321637427,Pevensey & Westham,Normans Bay
497,PEV,PEB,0.002105263157894737,Pevensey & Westham,Pevensey Bay
498,PHR,EBR,0.005614035087719298,Penshurst,Edenbridge
499,PHR,LIH,0.002169059011164274,Penshurst,Leigh (Kent)
500,PLD,AGT,0.002087269455690508,Portslade,Aldrington
501,PLD,FSG,0.001991465149359886,Portslade,Fishersgate
502,PLD,HOV,0.002381711855396066,Portslade,Hove
503,PLD,SSE,0.003020594965675057,Portslade,Shoreham-by-Sea
504,PLD,SWK,0.002166285278413425,Portslade,Southwick
505,PLG,BRK,0.0036907082521117607,Polegate,Berwick (Sussex)
506,PLG,EBN,0.00631578947368421,Polegate,Eastbourne
507,PLG,GLY,0.0069635627530364366,Polegate,Glynde
508,PLG,HMD,0.006738764720019226,Polegate,Hampden Park (Sussex)
509,PLG,LWS,0.010807017543859649,Polegate,Lewes
510,PMH,PMS,0.002105263157894737,Portsmouth Harbour,Portsmouth & Southsea
511,PMP,CBR,0.003368421052631579,Plumpton,Cooksbridge
512,PMP,HHE,0.008270676691729324,Plumpton,Haywards Heath
513,PMP,LWS,0.00506265664160401,Plumpton,Lewes
514,PMP,PLG,0.016140350877192983,Plumpton,Polegate
515,PMP,TBD,0.019649122807017545,Plumpton,Three Bridges
516,PMP,WVF,0.005497076023391813,Plumpton,Wivelsfield
517,PMR,BCY,0.0,Peckham Rye,Brockley
518,PMR,EDW,0.002460472168074507,Peckham Rye,East Dulwich
519,PMR,HPA,0.0014035087719298245,Peckham Rye,Honor Oak Park
520,PMR,QRP,0.0020282413350449294,Peckham Rye,Queens Road (Peckham)
521,PMS,FTN,0.0024701754385964914,Portsmouth & Southsea,Fratton
522,PMS,PMH,0.0032658569500674762,Portsmouth & Southsea,Portsmouth Harbour
523,PNW,ANZ,0.002285200179937022,Penge West,Anerley
524,PNW,SYD,0.0017738791423001948,Penge West,Sydenham (London)
525,PRP,BUG,0.006456140350877193,Preston Park,Burgess Hill
526,PRP,HHE,0.009974937343358395,Preston Park,Haywards Heath
527,PRP,HOV,0.0031189083820662767,Preston Park,Hove
528,PRP,HSK,0.003976608187134503,Preston Park,Hassocks
529,PTC,CSA,0.002807017543859649,Portchester,Cosham
530,PTC,FRM,0.0035087719298245615,Portchester,Fareham
531,PUL,AMY,0.004426450742240216,Pulborough,Amberley
532,PUL,ARU,0.006471734892787525,Pulborough,Arundel
533,PUL,BIG,0.004671679197994987,Pulborough,Billingshurst
534,PUO,KLY,0.007936507936507936,Purley Oaks,Kenley
535,PUO,PUR,0.004467836257309942,Purley Oaks,Purley
536,PUO,SCY,0.002105263157894737,Purley Oaks,South Croydon
537,PUR,CAT,0.00631578947368421,Purley,Caterham
538,PUR,CDS,0.003789473684210526,Purley,Coulsdon South
539,PUR,ECR,0.004513006654567453,Purley,East Croydon
540,PUR,KLY,0.0040100250626566416,Purley,Kenley
541,PUR,PUO,0.0020683287165281627,Purley,Purley Oaks
542,PUR,RDH,0.005614035087719298,Purley,Redhill
543,PUR,RHM,0.0021536600120992135,Purley,Reedham (Surrey)
544,PUR,SCY,0.004912280701754386,Purley,South Croydon
545,PUR,TAT,0.5070175438596491,Purley,Tattenham Corner
546,PUR,VIC,0.030877192982456142,Purley,London Victoria
548,QRP,PMR,0.002199400941377835,Queens Road (Peckham),Peckham Rye
549,QRP,SBM,0.0014890885750962772,Queens Road (Peckham),South Bermondsey
550,RDD,SNR,0.0030535798956851587,Riddlesdown,Sanderstead
551,RDD,UWL,0.002807017543859649,Riddlesdown,Upper Warlingham
552,RDH,EBR,0.9452631578947368,Redhill,Edenbridge
553,RDH,ELD,0.0017543859649122807,Redhill,Earlswood (Surrey)
554,RDH,GTW,0.9592982456140351,Redhill,Gatwick Airport
555,RDH,HOR,0.013859649122807018,Redhill,Horley
556,RDH,MHM,0.006720647773279353,Redhill,Merstham
557,RDH,NUF,0.043834586466165414,Redhill,Nutfield
558,RDH,REI,0.00405458089668616,Redhill,Reigate
560,REI,MHM,0.009473684210526316,Reigate,Merstham
561,REI,RDH,0.0029149797570850204,Reigate,Redhill
562,RHM,CDN,0.0022020568663036902,Reedham (Surrey),Coulsdon Town
563,RHM,PUR,0.0021403508771929824,Reedham (Surrey),Purley
564,RYE,APD,0.006549707602339181,Rye (Sussex),Appledore (Kent)
565,RYE,ORE,0.011228070175438596,Rye (Sussex),Ore
566,RYE,WSE,0.0032748538011695906,Rye (Sussex),Winchelsea
567,SAF,ELD,0.0022222222222222222,Salfords (Surrey),Earlswood (Surrey)
568,SAF,HOR,0.002456140350877193,Salfords (Surrey),Horley
569,SBM,LBG,0.0042020714436694145,South Bermondsey,London Bridge
570,SBM,NXG,0.0014035087719298245,South Bermondsey,New Cross Gate
571,SBM,QRP,0.0022543859649122805,South Bermondsey,Queens Road (Peckham)
572,SCY,ECR,0.00206140350877193,South Croydon,East Croydon
573,SCY,PUO,0.0020565302144249513,South Croydon,Purley Oaks
574,SCY,SNR,0.002105263157894737,South Croydon,Sanderstead
575,SDN,FRM,0.011228070175438596,St Denys,Fareham
576,SDN,SNW,0.009122807017543859,St Denys,Swanwick
577,SDN,SOU,0.004912280701754386,St Denys,Southampton Central
578,SEE,LWS,0.008421052631578947,Southease,Lewes
579,SEE,NVN,0.004653739612188366,Southease,Newhaven Town
580,SEF,BIP,0.0014035087719298245,Seaford (Sussex),Bishopstone (Sussex)
581,SEF,BTN,0.5185964912280702,Seaford (Sussex),Brighton (East Sussex)
582,SHO,WLS,0.0014035087719298245,Sholing,Woolston
583,SIH,MDS,0.0014035087719298245,St Helier (Surrey),Morden South
584,SIH,SUC,0.002105263157894737,St Helier (Surrey),Sutton Common
585,SLQ,BEX,0.005834586466165414,St Leonards Warrior Square,Bexhill
586,SLQ,HGS,0.0031915404950732997,St Leonards Warrior Square,Hastings
587,SMO,MDS,0.0014035087719298245,South Merton,Morden South
588,SMO,WBO,0.0014035087719298245,South Merton,Wimbledon Chase
589,SNR,ECR,0.004267425320056899,Sanderstead,East Croydon
590,SNR,RDD,0.0036794689426268377,Sanderstead,Riddlesdown
591,SNW,BUO,0.002807017543859649,Swanwick,Bursledon
592,SNW,FRM,0.004359383306751728,Swanwick,Fareham
593,SNW,NTL,0.004210526315789474,Swanwick,Netley
594,SNW,SOU,0.012970356926799759,Swanwick,Southampton Central
595,SNW,WLS,0.00631578947368421,Swanwick,Woolston
596,SOB,BOH,0.0030409356725146198,Southbourne,Bosham
597,SOB,CCH,0.004997341839447103,Southbourne,Chichester
598,SOB,EMS,0.002105263157894737,Southbourne,Emsworth
599,SOB,NUT,0.0016374269005847953,Southbourne,Nutbourne
600,SOU,CSA,0.02456140350877193,Southampton Central,Cosham
601,SOU,SDN,0.004912280701754386,Southampton Central,St Denys
602,SOU,SNW,0.012462189957652752,Southampton Central,Swanwick
603,SOU,WLS,0.00631578947368421,Southampton Central,Woolston
604,SPB,HRW,0.015087719298245613,Shepherd's Bush,Harrow & Wealdstone
605,SPB,KPA,0.0018353576248313092,Shepherd's Bush,Kensington Olympia
606,SPB,WMB,0.01063157894736842,Shepherd's Bush,Wembley Central
607,SRC,BAL,0.003610056068005064,Streatham Common,Balham
608,SRC,MTC,0.03929824561403509,Streatham Common,Mitcham Eastfields
609,SRC,NRB,0.002099780701754386,Streatham Common,Norbury
610,SRC,STE,0.0059259259259259265,Streatham Common,Streatham (Greater London)
611,SRH,BAL,0.0028465530022238695,Streatham Hill,Balham
612,SRH,LBG,0.9350877192982456,Streatham Hill,London Bridge
613,SRH,TUH,0.004912280701754386,Streatham Hill,Tulse Hill
614,SRH,WNW,0.0034329065908013275,Streatham Hill,West Norwood
616,SRS,CLJ,0.005614035087719298,Selhurst,Clapham Junction
617,SRS,ECR,0.004504283965728275,Selhurst,East Croydon
618,SRS,LBG,0.8771929824561403,Selhurst,London Bridge
619,SRS,TTH,0.0024007386888273315,Selhurst,Thornton Heath
620,SRS,WCY,0.0043177387914230024,Selhurst,West Croydon
622,SSE,LAC,0.0037543859649122806,Shoreham-by-Sea,Lancing
623,SSE,PLD,0.0035294117647058825,Shoreham-by-Sea,Portslade
624,SSE,SWK,0.002322708178897949,Shoreham-by-Sea,Southwick
625,SSE,WRH,0.004912280701754386,Shoreham-by-Sea,Worthing
626,STE,MTC,0.002807017543859649,Streatham (Greater London),Mitcham Eastfields
627,STE,SRC,0.002807017543859649,Streatham (Greater London),Streatham Common
628,STE,TOO,0.004210526315789474,Streatham (Greater London),Tooting
629,STE,TUH,0.0028226120857699805,Streatham (Greater London),Tulse Hill
630,SUC,SIH,0.0014035087719298245,Sutton Common,St Helier (Surrey)
631,SUC,WSU,0.0014035087719298245,Sutton Common,West Sutton
632,SUO,BLM,0.004093567251461989,Sutton (Surrey),Belmont
633,SUO,CHE,0.0033333333333333335,Sutton (Surrey),Cheam
634,SUO,CSB,0.0029659053293611386,Sutton (Surrey),Carshalton Beeches
635,SUO,CSH,0.0023802750118539595,Sutton (Surrey),Carshalton
636,SUO,NWD,0.023157894736842106,Sutton (Surrey),Norwood Junction
637,SUO,VIC,0.9428070175438596,Sutton (Surrey),London Victoria
638,SUO,WLT,0.004210526315789474,Sutton (Surrey),Wallington
639,SUO,WSU,0.0014035087719298245,Sutton (Surrey),West Sutton
642,SWK,FSG,0.0019613135402609086,Southwick,Fishersgate
643,SWK,PLD,0.002368421052631579,Southwick,Portslade
644,SWK,SSE,0.0025331621737270005,Southwick,Shoreham-by-Sea
645,SYD,CYP,0.0035087719298245615,Sydenham (London),Crystal Palace
646,SYD,FOH,0.002095906432748538,Sydenham (London),Forest Hill
647,SYD,PNW,0.0014773776546629731,Sydenham (London),Penge West
648,SYD,TUH,0.0014035087719298245,Sydenham (London),Tulse Hill
649,TAD,TAT,0.002807017543859649,Tadworth,Tattenham Corner
650,TAT,PUR,0.047719298245614036,Tattenham Corner,Purley
652,TBD,BAB,0.003157894736842105,Three Bridges,Balcombe
653,TBD,CRW,0.003789473684210526,Three Bridges,Crawley
654,TBD,ECR,0.013333333333333334,Three Bridges,East Croydon
655,TBD,EGR,0.051267056530214426,Three Bridges,East Grinstead
656,TBD,GTW,0.00405458089668616,Three Bridges,Gatwick Airport
657,TBD,HHE,0.007017543859649123,Three Bridges,Haywards Heath
658,TBD,WRH,0.41754385964912283,Three Bridges,Worthing
660,TOK,APD,0.014035087719298246,Three Oaks,Appledore (Kent)
661,TOK,DLH,0.002105263157894737,Three Oaks,Doleham
662,TOK,ORE,0.0037786774628879895,Three Oaks,Ore
663,TOK,WSE,0.005614035087719298,Three Oaks,Winchelsea
664,TON,LIH,0.002807017543859649,Tonbridge,Leigh (Kent)
665,TOO,HYR,0.002105263157894737,Tooting,Haydons Road
666,TOO,STE,0.0035087719298245615,Tooting,Streatham (Greater London)
667,TRI,BKM,0.0033771929824561405,Tring,Berkhamsted
668,TRI,LBZ,0.0059649122807017545,Tring,Leighton Buzzard
669,TTH,NRB,0.002136921250494658,Thornton Heath,Norbury
670,TTH,SRS,0.0015993472052223583,Thornton Heath,Selhurst
671,TUH,NDL,0.0027299957210098415,Tulse Hill,North Dulwich
672,TUH,STE,0.003695906432748538,Tulse Hill,Streatham (Greater London)
673,TUH,WNW,0.002807017543859649,Tulse Hill,West Norwood
674,UCK,BXD,0.002807017543859649,Uckfield,Buxted
675,UCK,LBG,0.9270175438596491,Uckfield,London Bridge
676,UCK,OXT,0.39263157894736844,Uckfield,Oxted
677,UWL,RDD,0.002124229492650545,Upper Warlingham,Riddlesdown
678,UWL,WOH,0.0038501659554291134,Upper Warlingham,Woldingham
679,VIC,BAK,0.002807017543859649,London Victoria,Battersea Park
680,VIC,BTN,0.8084210526315789,London Victoria,Brighton (East Sussex)
681,VIC,CAT,0.9319298245614035,London Victoria,Caterham
682,VIC,CLJ,0.0043759589086785405,London Victoria,Clapham Junction
683,VIC,EBN,0.9389473684210526,London Victoria,Eastbourne
684,VIC,EPD,0.9691228070175438,London Victoria,Epsom Downs
685,VIC,EPS,0.035789473684210524,London Victoria,Epsom (Surrey)
686,VIC,HUR,0.8870175438596491,London Victoria,Hurst Green
687,VIC,WCY,0.9635087719298245,London Victoria,West Croydon
691,WBL,EMS,0.002105263157894737,Warblington,Emsworth
692,WBL,HAV,0.0021421975992613113,Warblington,Havant
693,WBO,SMO,0.0014035087719298245,Wimbledon Chase,South Merton
694,WBO,WIM,0.004210526315789474,Wimbledon Chase,Wimbledon
695,WBP,IMW,0.0020512820512820513,West Brompton,Imperial Wharf
696,WBP,KPA,0.002483130904183536,West Brompton,Kensington Olympia
697,WCY,EPD,0.9929824561403509,West Croydon,Epsom Downs
698,WCY,NWD,0.004117647058823529,West Croydon,Norwood Junction
699,WCY,SRS,0.004487534626038781,West Croydon,Selhurst
700,WCY,VIC,0.9445614035087719,West Croydon,London Victoria
701,WCY,WDO,0.002336974511751076,West Croydon,Waddon
702,WCY,WLT,0.0035087719298245615,West Croydon,Wallington
705,WDO,WCY,0.0028471177944862157,Waddon,West Croydon
706,WDO,WLT,0.002509102946044356,Waddon,Wallington
707,WFJ,HML,0.005657894736842106,Watford Junction,Hemel Hempstead
708,WFJ,HRW,0.005263157894736842,Watford Junction,Harrow & Wealdstone
709,WHS,CAT,0.00368922305764411,Whyteleafe South,Caterham
710,WHS,WHY,0.0014035087719298245,Whyteleafe South,Whyteleafe
711,WHY,KLY,0.002105263157894737,Whyteleafe,Kenley
712,WHY,WHS,0.0014035087719298245,Whyteleafe,Whyteleafe South
713,WIM,HYR,0.002105263157894737,Wimbledon,Haydons Road
714,WIM,WBO,0.002807017543859649,Wimbledon,Wimbledon Chase
715,WLS,BTE,0.002807017543859649,Woolston,Bitterne
716,WLS,SDN,0.002807017543859649,Woolston,St Denys
717,WLS,SNW,0.007017543859649123,Woolston,Swanwick
718,WLS,SOU,0.007017543859649123,Woolston,Southampton Central
719,WLT,CSB,0.002436279377689507,Wallington,Carshalton Beeches
720,WLT,SUO,0.004210526315789474,Wallington,Sutton (Surrey)
721,WLT,WCY,0.004210526315789474,Wallington,West Croydon
722,WLT,WDO,0.0025686858656074145,Wallington,Waddon
723,WMB,HRW,0.003434903047091413,Wembley Central,Harrow & Wealdstone
724,WMB,SPB,0.012151431209602954,Wembley Central,Shepherd's Bush
725,WMB,WFJ,0.007017543859649123,Wembley Central,Watford Junction
726,WME,CHP,0.002105263157894737,Woodmansterne,Chipstead
727,WNH,HRH,0.0038411819021237303,Warnham,Horsham
728,WNH,OLY,0.004912280701754386,Warnham,Ockley
729,WNW,GIP,0.002421368737158211,West Norwood,Gipsy Hill
730,WNW,SRH,0.0033235867446393765,West Norwood,Streatham Hill
731,WNW,TUH,0.002105263157894737,West Norwood,Tulse Hill
732,WOH,OXT,0.00352773826458037,Woldingham,Oxted
733,WOH,UWL,0.0027880512091038407,Woldingham,Upper Warlingham
734,WRH,ANG,0.00530214424951267,Worthing,Angmering
735,WRH,DUR,0.002807017543859649,Worthing,Durrington-on-Sea
736,WRH,EWR,0.002105263157894737,Worthing,East Worthing
737,WRH,HHE,0.952280701754386,Worthing,Haywards Heath
738,WRH,LAC,0.003368421052631579,Worthing,Lancing
739,WRH,LIT,0.015438596491228071,Worthing,Littlehampton
740,WRH,SSE,0.004912280701754386,Worthing,Shoreham-by-Sea
741,WRH,VIC,0.8063157894736842,Worthing,London Victoria
742,WRH,WWO,0.0019845312205244293,Worthing,West Worthing
744,WSE,APD,0.009824561403508772,Winchelsea,Appledore (Kent)
745,WSE,DLH,0.004561403508771929,Winchelsea,Doleham
746,WSE,ORE,0.008421052631578947,Winchelsea,Ore
747,WSE,RYE,0.002456140350877193,Winchelsea,Rye (Sussex)
748,WSE,TOK,0.005614035087719298,Winchelsea,Three Oaks
749,WSU,SUC,0.002807017543859649,West Sutton,Sutton Common
750,WSU,SUO,0.0035087719298245615,West Sutton,Sutton (Surrey)
751,WSW,BAL,0.0014473684210526317,Wandsworth Common,Balham
752,WSW,CLJ,0.0021391409558378705,Wandsworth Common,Clapham Junction
753,WVF,BUG,0.0010526315789473684,Wivelsfield,Burgess Hill
754,WVF,CBR,0.006403508771929824,Wivelsfield,Cooksbridge
755,WVF,GTW,0.016748538011695905,Wivelsfield,Gatwick Airport
756,WVF,HHE,0.0030409356725146198,Wivelsfield,Haywards Heath
757,WVF,PMP,0.005213032581453634,Wivelsfield,Plumpton
758,WVF,PRP,0.04280701754385965,Wivelsfield,Preston Park
759,WVF,TBD,0.01719298245614035,Wivelsfield,Three Bridges
760,WWO,DUR,0.0019956140350877193,West Worthing,Durrington-on-Sea
761,WWO,LIT,0.010526315789473684,West Worthing,Littlehampton
762,WWO,WRH,0.0017699805068226123,West Worthing,Worthing
